striker,runs_of_bat,balls_faced,strike_rate,fours,sixes,boundary_runs,boundary_dependency
Abdul Samad,72,66,109.09090909090908,7,1,34,47.22222222222222
Abhishek Sharma,380,199,190.95477386934675,36,28,312,82.10526315789474
Abishek Porel,30,34,88.23529411764706,3,0,12,40.0
Aiden Markram,193,138,139.85507246376812,19,10,136,70.46632124352331
Ajinkya Rahane,162,126,128.57142857142858,8,10,92,56.79012345679012
Akeal Hosein,2,2,100.0,0,0,0,0.0
Angkrish Raghuvanshi,209,154,135.71428571428572,24,7,138,66.02870813397129
Aniket Verma,73,49,148.9795918367347,5,5,50,68.4931506849315
Anrich Nortje,0,1,0.0,0,0,0,0.0
Anshul Kamboj,40,32,125.0,2,2,20,50.0
Anukul Roy,39,28,139.28571428571428,2,2,20,51.28205128205128
Ashok Sharma,1,5,20.0,0,0,0,0.0
Ashutosh Sharma,33,21,157.14285714285714,3,2,24,72.72727272727273
Ashwani Kumar,1,6,16.666666666666664,0,0,0,0.0
Auqib Nabi,4,2,200.0,1,0,4,100.0
Avesh Khan,6,7,85.71428571428571,1,0,4,66.66666666666666
Axar Patel,31,32,96.875,3,0,12,38.70967741935484
Ayush Badoni,172,125,137.6,18,6,108,62.7906976744186
Ayush Mhatre,201,118,170.33898305084745,20,12,152,75.62189054726367
Bhuvneshwar Kumar,12,10,120.0,1,0,4,33.33333333333333
Brijesh Sharma,1,3,33.33333333333333,0,0,0,0.0
Cameron Green,196,136,144.11764705882354,16,10,124,63.26530612244898
Cooper Connolly,240,150,160.0,22,15,178,74.16666666666667
Corbin Bosch,11,4,275.0,2,0,8,72.72727272727273
Danish Malewar,2,5,40.0,0,0,0,0.0
David Miller,123,91,135.16483516483518,12,6,84,68.29268292682927
David Payne,6,5,120.0,0,0,0,0.0
Deepak Chahar,6,5,120.0,1,0,4,66.66666666666666
Devdutt Padikkal,242,129,187.5968992248062,22,16,184,76.03305785123968
Dewald Brevis,64,58,110.34482758620689,5,4,44,68.75
Dhruv Jurel,231,150,154.0,25,9,154,66.66666666666666
Digvesh Singh Rathi,2,5,40.0,0,0,0,0.0
Donovan Ferreira,130,91,142.85714285714286,13,7,94,72.3076923076923
Dushmantha Chameera,0,3,0.0,0,0,0,0.0
Finn Allen,81,44,184.0909090909091,13,4,76,93.82716049382715
George Linde,31,21,147.61904761904762,6,0,24,77.41935483870968
Glenn Phillips,67,57,117.54385964912282,4,2,28,41.7910447761194
Hardik Pandya,97,71,136.61971830985914,12,2,60,61.855670103092784
Harsh Dubey,13,11,118.18181818181819,2,0,8,61.53846153846154
Harshal Patel,4,4,100.0,1,0,4,100.0
Heinrich Klaasen,349,244,143.0327868852459,25,14,184,52.72206303724928
Himmat Singh,35,27,129.62962962962962,2,2,20,57.14285714285714
Ishan Kishan,313,163,192.0245398773006,35,16,236,75.39936102236422
Jacob Bethell,34,21,161.9047619047619,4,2,28,82.35294117647058
Jaiswal,1,1,100.0,0,0,0,0.0
Jamie Overton,136,90,151.11111111111111,13,6,88,64.70588235294117
Jason Holder,23,10,229.99999999999997,1,2,16,69.56521739130434
Jasprit Bumrah,7,8,87.5,1,0,4,57.14285714285714
Jaydev Unadkat,4,3,133.33333333333331,0,0,0,0.0
Jitesh Sharma,63,55,114.54545454545455,5,3,38,60.317460317460316
Jofra Archer,13,16,81.25,1,0,4,30.76923076923077
Jos Buttler,270,181,149.17127071823205,31,11,190,70.37037037037037
Kagiso Rabada,35,31,112.90322580645163,3,2,24,68.57142857142857
Kartik Sharma,58,51,113.72549019607843,3,4,36,62.06896551724138
Kartik Tyagi,11,9,122.22222222222223,1,1,10,90.9090909090909
Karun Nair,5,5,100.0,1,0,4,80.0
Krish Bhagat,7,15,46.666666666666664,0,0,0,0.0
Krunal Pandya,36,30,120.0,3,2,24,66.66666666666666
Kuldeep Yadav,9,23,39.130434782608695,0,0,0,0.0
Kumar Kushagra,18,14,128.57142857142858,3,0,12,66.66666666666666
Kyle Jamieson,12,14,85.71428571428571,1,1,10,83.33333333333334
Lhuan-dre Pretorius,0,2,0.0,0,0,0,0.0
Liam Livingstone,15,26,57.692307692307686,0,1,6,40.0
Lungi Ngidi,3,6,50.0,0,0,0,0.0
Marco Jansen,10,13,76.92307692307693,0,1,6,60.0
Marcus Stoinis,48,30,160.0,6,2,36,75.0
Matt Henry,7,10,70.0,1,0,4,57.14285714285714
Matthew Short,36,39,92.3076923076923,3,0,12,33.33333333333333
Mayank Yadav,5,6,83.33333333333334,1,0,4,80.0
Mitchell Marsh,212,165,128.4848484848485,18,11,138,65.09433962264151
Mitchell Santner,26,21,123.80952380952381,3,0,12,46.15384615384615
Mohammed Shami,31,22,140.9090909090909,2,3,26,83.87096774193549
Mohammed Siraj,0,4,0.0,0,0,0,0.0
Mohsin Khan,0,4,0.0,0,0,0,0.0
Mukul Choudhary,156,109,143.11926605504587,9,12,108,69.23076923076923
Naman Dhir,154,104,148.0769230769231,15,6,96,62.33766233766234
Nandre Burger,3,5,60.0,0,0,0,0.0
Natarajan,1,2,50.0,0,0,0,0.0
Nehal Wadhera,65,54,120.37037037037037,4,4,40,61.53846153846154
Nicholas Pooran,82,108,75.92592592592592,5,4,44,53.65853658536586
Nitish Rana,169,116,145.68965517241378,21,8,132,78.10650887573965
Nitish Reddy,172,105,163.8095238095238,9,14,120,69.76744186046511
Noor Ahmad,10,19,52.63157894736842,0,1,6,60.0
Pathum Nissanka,146,101,144.55445544554456,19,5,106,72.6027397260274
Phil Salt,202,123,164.22764227642276,16,11,130,64.35643564356435
Prabhsimran Singh,287,158,181.64556962025316,31,16,220,76.65505226480836
Praful Hinge,0,1,0.0,0,0,0,0.0
Prashant Veer,49,36,136.11111111111111,7,1,34,69.38775510204081
Prince Yadav,0,1,0.0,0,0,0,0.0
Priyansh Arya,254,109,233.02752293577979,16,25,214,84.25196850393701
Quinton de Kock,132,85,155.29411764705884,9,9,90,68.18181818181817
Rahul,358,204,175.49019607843138,36,19,258,72.06703910614524
Rahul Tewatia,49,46,106.5217391304348,4,1,22,44.89795918367347
Rajat Patidar,237,122,194.2622950819672,12,23,186,78.48101265822784
Ramandeep Singh,82,70,117.14285714285715,8,2,44,53.65853658536586
Rashid Khan,28,26,107.6923076923077,3,0,12,42.857142857142854
Ravi Bishnoi,0,3,0.0,0,0,0,0.0
Ravindra Jadeja,132,111,118.91891891891892,11,1,50,37.878787878787875
Rinku Singh,219,163,134.3558282208589,21,8,132,60.273972602739725
Rishabh Pant,190,154,123.37662337662339,18,6,108,56.84210526315789
Riyan Parag,88,81,108.64197530864197,6,5,54,61.36363636363637
Rohit Sharma,137,86,159.30232558139534,13,8,100,72.99270072992701
Romario Shepherd,39,25,156.0,3,2,24,61.53846153846154
Rovman Powell,122,97,125.77319587628865,9,7,78,63.934426229508205
Ruturaj Gaikwad,178,158,112.65822784810126,17,6,104,58.42696629213483
Ryan Rickelton,137,89,153.93258426966293,9,12,108,78.83211678832117
Sahil Parakh,0,2,0.0,0,0,0,0.0
Sai Sudharsan,322,203,158.6206896551724,32,17,230,71.42857142857143
Salil Arora,63,44,143.1818181818182,4,5,46,73.01587301587301
Sameer Rizvi,209,147,142.17687074829934,15,13,138,66.02870813397129
Sanju Samson,304,184,165.2173913043478,33,15,222,73.02631578947368
Sarfaraz Khan,161,100,161.0,23,6,128,79.5031055900621
Shahbaz Ahmed,15,16,93.75,1,0,4,26.666666666666668
Shahrukh Khan,35,26,134.6153846153846,2,2,20,57.14285714285714
Shardul Thakur,14,21,66.66666666666666,1,0,4,28.57142857142857
Shashank Singh,70,39,179.4871794871795,6,4,48,68.57142857142857
Sherfane Rutherford,103,61,168.85245901639345,4,11,82,79.6116504854369
Shimron Hetmyer,72,67,107.46268656716418,4,3,34,47.22222222222222
Shivam Dube,150,116,129.31034482758622,14,6,92,61.33333333333333
Shivang Kumar,21,15,140.0,3,1,18,85.71428571428571
Shreyas Iyer,279,157,177.70700636942675,17,21,194,69.53405017921148
Shubham Dubey,19,11,172.72727272727272,3,0,12,63.1578947368421
Shubman Gill,330,230,143.47826086956522,30,14,204,61.81818181818181
Sunil Narine,40,33,121.21212121212122,2,4,32,80.0
Suryakumar Yadav,157,116,135.3448275862069,17,4,92,58.59872611464968
Tilak Varma,181,110,164.54545454545456,21,7,126,69.61325966850829
Tim David,183,98,186.73469387755102,12,15,138,75.40983606557377
Tim Seifert,19,18,105.55555555555556,2,1,14,73.68421052631578
Travis Head,186,136,136.76470588235296,22,8,136,73.11827956989248
Trent Boult,1,2,50.0,0,0,0,0.0
Tristan Stubbs,201,150,134.0,15,6,96,47.76119402985074
Tushar Deshpande,25,11,227.27272727272728,0,3,18,72.0
Urvil Patel,4,3,133.33333333333331,1,0,4,100.0
Vaibhav Arora,1,3,33.33333333333333,0,0,0,0.0
Vaibhav Sooryavanshi,357,156,228.84615384615384,31,32,316,88.51540616246498
Varun Chakaravarthy,0,1,0.0,0,0,0,0.0
Venkatesh Iyer,29,16,181.25,1,2,16,55.172413793103445
Vipraj Nigam,12,7,171.42857142857142,2,0,8,66.66666666666666
Virat Kohli,351,227,154.62555066079295,37,14,232,66.0968660968661
Washington Sundar,157,112,140.17857142857142,18,4,96,61.146496815286625
Xavier Bartlett,11,5,220.00000000000003,0,1,6,54.54545454545454
Yashasvi Jaiswal,254,177,143.50282485875707,29,12,188,74.01574803149606
